{"_runtime":0,"acc":0.778963479667306,"loss":0.21084204680598606,"_timestamp":1.762553157695953e+09,"_step":7,"_wandb":{"runtime":0}}