{"train/loss":0.3949366509914398,"train/rmse":0.6284398436546326,"_runtime":7.96009575,"val/loss":87.56845407714843,"_step":150,"step":150,"train/r2":0.9889143705368042,"_wandb":{"runtime":7},"val/rmse":9.339199078369141,"val/r2":-1.1929637741088868,"epoch":0,"_timestamp":1.762552933497856e+09}